,Name,MSE,MAE,R-Squared
0,Gradient Boost,114.85016129470797,8.420004325657173,0.6468864982529163
1,Voter,42.8735199808367,5.173513283677497,0.7208195625047207
